{
  "total_training_time_seconds": 4585.03071641922,
  "total_training_time_formatted": "1:16:25",
  "step_timing": {
    "total_training": {
      "start": 1748232683.0903292,
      "end": 1748237268.1128087,
      "duration": 4585.022479534149
    },
    "data_loading": {
      "start": 1748232684.958718,
      "end": 1748232685.6282475,
      "duration": 0.6695294380187988
    },
    "model_loading": {
      "start": 1748232685.6310482,
      "end": 1748232696.1881514,
      "duration": 10.557103157043457
    },
    "lora_setup": {
      "start": 1748232696.5773568,
      "end": 1748232696.57885,
      "duration": 0.001493215560913086
    },
    "training_setup": {
      "start": 1748232696.8870966,
      "end": 1748232696.8893616,
      "duration": 0.0022649765014648438
    },
    "training_loop": {
      "start": 1748232696.8893635,
      "end": 1748236752.829017,
      "duration": 4055.9396533966064
    },
    "model_saving": {
      "start": 1748236752.8290203,
      "end": 1748237268.112804,
      "duration": 515.2837836742401
    }
  },
  "training_performance": {
    "total_steps": 48,
    "avg_step_duration_seconds": 1.6917599787314732,
    "steps_per_second": 0.591100399921877,
    "final_loss": 1.192092824453539e-08,
    "min_loss": 0.0,
    "initial_loss": 0.012540818453999236,
    "loss_improvement": 0.012540806533070992
  },
  "resource_utilization": {
    "max_gpu_memory_gb": {
      "0": 34.55430555343628,
      "1": 30.055757522583008,
      "2": 30.055757522583008,
      "3": 30.055757522583008,
      "4": 27.329097747802734,
      "5": 31.682641983032227
    },
    "peak_cpu_usage_percent": 0,
    "avg_cpu_usage_percent": 0.58,
    "disk_io_gb": {
      "read": 0.15346813201904297,
      "write": 0.3543887138366699,
      "total": 0.5078568458557129
    }
  },
  "epoch_progression": [
    {
      "epoch": 1,
      "avg_loss": 0.0005223745538492919,
      "total_steps": 16,
      "timestamp": 1748234041.1898997
    },
    {
      "epoch": 2,
      "avg_loss": 5.02914127009646e-09,
      "total_steps": 32,
      "timestamp": 1748235376.419473
    },
    {
      "epoch": 3,
      "avg_loss": 4.842876877297897e-09,
      "total_steps": 48,
      "timestamp": 1748236752.5228782
    }
  ],
  "memory_snapshots": {
    "initial": {
      "timestamp": 1748232684.9559274,
      "cpu_percent": 0.7,
      "memory_percent": 1.5,
      "gpu_memory": {
        "0": {
          "allocated_gb": 0.0,
          "reserved_gb": 0.0
        },
        "1": {
          "allocated_gb": 0.0,
          "reserved_gb": 0.0
        },
        "2": {
          "allocated_gb": 0.0,
          "reserved_gb": 0.0
        },
        "3": {
          "allocated_gb": 0.0,
          "reserved_gb": 0.0
        },
        "4": {
          "allocated_gb": 0.0,
          "reserved_gb": 0.0
        },
        "5": {
          "allocated_gb": 0.0,
          "reserved_gb": 0.0
        }
      }
    },
    "after_data_loading": {
      "timestamp": 1748232685.6282518,
      "cpu_percent": 0.6,
      "memory_percent": 1.5,
      "gpu_memory": {
        "0": {
          "allocated_gb": 0.0,
          "reserved_gb": 0.0
        },
        "1": {
          "allocated_gb": 0.0,
          "reserved_gb": 0.0
        },
        "2": {
          "allocated_gb": 0.0,
          "reserved_gb": 0.0
        },
        "3": {
          "allocated_gb": 0.0,
          "reserved_gb": 0.0
        },
        "4": {
          "allocated_gb": 0.0,
          "reserved_gb": 0.0
        },
        "5": {
          "allocated_gb": 0.0,
          "reserved_gb": 0.0
        }
      }
    },
    "after_model_loading": {
      "timestamp": 1748232696.5744228,
      "cpu_percent": 0.6,
      "memory_percent": 1.5,
      "gpu_memory": {
        "0": {
          "allocated_gb": 11.441762924194336,
          "reserved_gb": 11.443359375
        },
        "1": {
          "allocated_gb": 9.990591049194336,
          "reserved_gb": 9.9921875
        },
        "2": {
          "allocated_gb": 9.990591049194336,
          "reserved_gb": 9.9921875
        },
        "3": {
          "allocated_gb": 9.990591049194336,
          "reserved_gb": 9.9921875
        },
        "4": {
          "allocated_gb": 9.082355499267578,
          "reserved_gb": 9.083984375
        },
        "5": {
          "allocated_gb": 10.533536911010742,
          "reserved_gb": 10.53515625
        }
      }
    },
    "after_lora_setup": {
      "timestamp": 1748232696.8809404,
      "cpu_percent": 0.6,
      "memory_percent": 1.5,
      "gpu_memory": {
        "0": {
          "allocated_gb": 11.441762924194336,
          "reserved_gb": 11.443359375
        },
        "1": {
          "allocated_gb": 9.990591049194336,
          "reserved_gb": 9.9921875
        },
        "2": {
          "allocated_gb": 9.990591049194336,
          "reserved_gb": 9.9921875
        },
        "3": {
          "allocated_gb": 9.990591049194336,
          "reserved_gb": 9.9921875
        },
        "4": {
          "allocated_gb": 9.082355499267578,
          "reserved_gb": 9.083984375
        },
        "5": {
          "allocated_gb": 10.533536911010742,
          "reserved_gb": 10.53515625
        }
      }
    },
    "final": {
      "timestamp": 1748237268.1128476,
      "cpu_percent": 0.4,
      "memory_percent": 1.5,
      "gpu_memory": {
        "0": {
          "allocated_gb": 34.55430555343628,
          "reserved_gb": 34.72265625
        },
        "1": {
          "allocated_gb": 30.055757522583008,
          "reserved_gb": 30.236328125
        },
        "2": {
          "allocated_gb": 30.055757522583008,
          "reserved_gb": 30.236328125
        },
        "3": {
          "allocated_gb": 30.055757522583008,
          "reserved_gb": 30.236328125
        },
        "4": {
          "allocated_gb": 27.329097747802734,
          "reserved_gb": 27.498046875
        },
        "5": {
          "allocated_gb": 31.682641983032227,
          "reserved_gb": 32.689453125
        }
      }
    }
  }
}