{
  "total_training_time_seconds": 8098.125174999237,
  "total_training_time_formatted": "2:14:58",
  "step_timing": {
    "total_training": {
      "start": 1748426246.1604643,
      "end": 1748434344.2791348,
      "duration": 8098.118670463562
    },
    "data_loading": {
      "start": 1748426248.0077524,
      "end": 1748426248.5275092,
      "duration": 0.5197567939758301
    },
    "model_loading": {
      "start": 1748426248.530245,
      "end": 1748426264.2006474,
      "duration": 15.67040228843689
    },
    "lora_setup": {
      "start": 1748426264.5704875,
      "end": 1748426264.5718434,
      "duration": 0.001355886459350586
    },
    "training_setup": {
      "start": 1748426264.8606367,
      "end": 1748426264.8625834,
      "duration": 0.0019466876983642578
    },
    "training_loop": {
      "start": 1748426264.8625846,
      "end": 1748433858.0392435,
      "duration": 7593.17665886879
    },
    "model_saving": {
      "start": 1748433858.0392456,
      "end": 1748434344.279131,
      "duration": 486.2398853302002
    }
  },
  "training_performance": {
    "total_steps": 99,
    "avg_step_duration_seconds": 1.5366531598447548,
    "steps_per_second": 0.6507649391102857,
    "final_loss": 0.09764222196463379,
    "min_loss": 0.001229638062795857,
    "initial_loss": 2.5327241718769073,
    "loss_improvement": 2.4350819499122736
  },
  "resource_utilization": {
    "max_gpu_memory_gb": {
      "0": 34.55430555343628,
      "1": 30.055757522583008,
      "2": 30.055757522583008,
      "3": 30.055757522583008,
      "4": 27.329097747802734,
      "5": 31.682641983032227
    },
    "peak_cpu_usage_percent": 3.0,
    "avg_cpu_usage_percent": 0.5599999999999999,
    "disk_io_gb": {
      "read": 0.24985408782958984,
      "write": 0.6116385459899902,
      "total": 0.8614926338195801
    }
  },
  "epoch_progression": [
    {
      "epoch": 1,
      "avg_loss": 0.21976220677353206,
      "total_steps": 33,
      "timestamp": 1748428681.7002742
    },
    {
      "epoch": 2,
      "avg_loss": 0.0514650119148152,
      "total_steps": 66,
      "timestamp": 1748431480.1407719
    },
    {
      "epoch": 3,
      "avg_loss": 0.0344648578871012,
      "total_steps": 99,
      "timestamp": 1748433857.3048005
    }
  ],
  "memory_snapshots": {
    "initial": {
      "timestamp": 1748426248.0050762,
      "cpu_percent": 0.6,
      "memory_percent": 1.5,
      "gpu_memory": {
        "0": {
          "allocated_gb": 0.0,
          "reserved_gb": 0.0
        },
        "1": {
          "allocated_gb": 0.0,
          "reserved_gb": 0.0
        },
        "2": {
          "allocated_gb": 0.0,
          "reserved_gb": 0.0
        },
        "3": {
          "allocated_gb": 0.0,
          "reserved_gb": 0.0
        },
        "4": {
          "allocated_gb": 0.0,
          "reserved_gb": 0.0
        },
        "5": {
          "allocated_gb": 0.0,
          "reserved_gb": 0.0
        }
      }
    },
    "after_data_loading": {
      "timestamp": 1748426248.5275128,
      "cpu_percent": 0.6,
      "memory_percent": 1.5,
      "gpu_memory": {
        "0": {
          "allocated_gb": 0.0,
          "reserved_gb": 0.0
        },
        "1": {
          "allocated_gb": 0.0,
          "reserved_gb": 0.0
        },
        "2": {
          "allocated_gb": 0.0,
          "reserved_gb": 0.0
        },
        "3": {
          "allocated_gb": 0.0,
          "reserved_gb": 0.0
        },
        "4": {
          "allocated_gb": 0.0,
          "reserved_gb": 0.0
        },
        "5": {
          "allocated_gb": 0.0,
          "reserved_gb": 0.0
        }
      }
    },
    "after_model_loading": {
      "timestamp": 1748426264.567752,
      "cpu_percent": 0.6,
      "memory_percent": 1.5,
      "gpu_memory": {
        "0": {
          "allocated_gb": 11.441762924194336,
          "reserved_gb": 11.443359375
        },
        "1": {
          "allocated_gb": 9.990591049194336,
          "reserved_gb": 9.9921875
        },
        "2": {
          "allocated_gb": 9.990591049194336,
          "reserved_gb": 9.9921875
        },
        "3": {
          "allocated_gb": 9.990591049194336,
          "reserved_gb": 9.9921875
        },
        "4": {
          "allocated_gb": 9.082355499267578,
          "reserved_gb": 9.083984375
        },
        "5": {
          "allocated_gb": 10.533536911010742,
          "reserved_gb": 10.53515625
        }
      }
    },
    "after_lora_setup": {
      "timestamp": 1748426264.8547103,
      "cpu_percent": 0.6,
      "memory_percent": 1.5,
      "gpu_memory": {
        "0": {
          "allocated_gb": 11.441762924194336,
          "reserved_gb": 11.443359375
        },
        "1": {
          "allocated_gb": 9.990591049194336,
          "reserved_gb": 9.9921875
        },
        "2": {
          "allocated_gb": 9.990591049194336,
          "reserved_gb": 9.9921875
        },
        "3": {
          "allocated_gb": 9.990591049194336,
          "reserved_gb": 9.9921875
        },
        "4": {
          "allocated_gb": 9.082355499267578,
          "reserved_gb": 9.083984375
        },
        "5": {
          "allocated_gb": 10.533536911010742,
          "reserved_gb": 10.53515625
        }
      }
    },
    "final": {
      "timestamp": 1748434344.279173,
      "cpu_percent": 0.4,
      "memory_percent": 1.5,
      "gpu_memory": {
        "0": {
          "allocated_gb": 34.55430555343628,
          "reserved_gb": 34.72265625
        },
        "1": {
          "allocated_gb": 30.055757522583008,
          "reserved_gb": 30.236328125
        },
        "2": {
          "allocated_gb": 30.055757522583008,
          "reserved_gb": 30.236328125
        },
        "3": {
          "allocated_gb": 30.055757522583008,
          "reserved_gb": 30.236328125
        },
        "4": {
          "allocated_gb": 27.329097747802734,
          "reserved_gb": 27.498046875
        },
        "5": {
          "allocated_gb": 31.682641983032227,
          "reserved_gb": 32.689453125
        }
      }
    }
  }
}