{
  "total_training_time_seconds": 8543.431844234467,
  "total_training_time_formatted": "2:22:23",
  "step_timing": {
    "total_training": {
      "start": 1748324594.7014267,
      "end": 1748333138.1264749,
      "duration": 8543.42504811287
    },
    "data_loading": {
      "start": 1748324596.4963205,
      "end": 1748324597.4197917,
      "duration": 0.923471212387085
    },
    "model_loading": {
      "start": 1748324597.422557,
      "end": 1748324611.5798106,
      "duration": 14.157253503799438
    },
    "lora_setup": {
      "start": 1748324611.958471,
      "end": 1748324611.9598298,
      "duration": 0.0013587474822998047
    },
    "training_setup": {
      "start": 1748324612.256443,
      "end": 1748324612.258411,
      "duration": 0.001967906951904297
    },
    "training_loop": {
      "start": 1748324612.2584126,
      "end": 1748332637.228863,
      "duration": 8024.970450401306
    },
    "model_saving": {
      "start": 1748332637.2288666,
      "end": 1748333138.126469,
      "duration": 500.8976023197174
    }
  },
  "training_performance": {
    "total_steps": 99,
    "avg_step_duration_seconds": 1.5579012548080597,
    "steps_per_second": 0.6418892063368961,
    "final_loss": 5.960439466434764e-07,
    "min_loss": 0.0,
    "initial_loss": 0.007834676571746968,
    "loss_improvement": 0.007834080527800324
  },
  "resource_utilization": {
    "max_gpu_memory_gb": {
      "0": 34.55430555343628,
      "1": 30.055757522583008,
      "2": 30.055757522583008,
      "3": 30.055757522583008,
      "4": 27.329097747802734,
      "5": 31.682641983032227
    },
    "peak_cpu_usage_percent": 2.4,
    "avg_cpu_usage_percent": 0.52,
    "disk_io_gb": {
      "read": 0.19198036193847656,
      "write": 0.6300034523010254,
      "total": 0.821983814239502
    }
  },
  "epoch_progression": [
    {
      "epoch": 1,
      "avg_loss": 0.0021628298016192265,
      "total_steps": 33,
      "timestamp": 1748327176.5697815
    },
    {
      "epoch": 2,
      "avg_loss": 5.423094387026164e-08,
      "total_steps": 66,
      "timestamp": 1748330106.3299453
    },
    {
      "epoch": 3,
      "avg_loss": 4.903816988840762e-08,
      "total_steps": 99,
      "timestamp": 1748332636.4246252
    }
  ],
  "memory_snapshots": {
    "initial": {
      "timestamp": 1748324596.4937537,
      "cpu_percent": 0.7,
      "memory_percent": 1.5,
      "gpu_memory": {
        "0": {
          "allocated_gb": 0.0,
          "reserved_gb": 0.0
        },
        "1": {
          "allocated_gb": 0.0,
          "reserved_gb": 0.0
        },
        "2": {
          "allocated_gb": 0.0,
          "reserved_gb": 0.0
        },
        "3": {
          "allocated_gb": 0.0,
          "reserved_gb": 0.0
        },
        "4": {
          "allocated_gb": 0.0,
          "reserved_gb": 0.0
        },
        "5": {
          "allocated_gb": 0.0,
          "reserved_gb": 0.0
        }
      }
    },
    "after_data_loading": {
      "timestamp": 1748324597.4197958,
      "cpu_percent": 0.4,
      "memory_percent": 1.5,
      "gpu_memory": {
        "0": {
          "allocated_gb": 0.0,
          "reserved_gb": 0.0
        },
        "1": {
          "allocated_gb": 0.0,
          "reserved_gb": 0.0
        },
        "2": {
          "allocated_gb": 0.0,
          "reserved_gb": 0.0
        },
        "3": {
          "allocated_gb": 0.0,
          "reserved_gb": 0.0
        },
        "4": {
          "allocated_gb": 0.0,
          "reserved_gb": 0.0
        },
        "5": {
          "allocated_gb": 0.0,
          "reserved_gb": 0.0
        }
      }
    },
    "after_model_loading": {
      "timestamp": 1748324611.9557216,
      "cpu_percent": 0.6,
      "memory_percent": 1.5,
      "gpu_memory": {
        "0": {
          "allocated_gb": 11.441762924194336,
          "reserved_gb": 11.443359375
        },
        "1": {
          "allocated_gb": 9.990591049194336,
          "reserved_gb": 9.9921875
        },
        "2": {
          "allocated_gb": 9.990591049194336,
          "reserved_gb": 9.9921875
        },
        "3": {
          "allocated_gb": 9.990591049194336,
          "reserved_gb": 9.9921875
        },
        "4": {
          "allocated_gb": 9.082355499267578,
          "reserved_gb": 9.083984375
        },
        "5": {
          "allocated_gb": 10.533536911010742,
          "reserved_gb": 10.53515625
        }
      }
    },
    "after_lora_setup": {
      "timestamp": 1748324612.2504225,
      "cpu_percent": 0.5,
      "memory_percent": 1.5,
      "gpu_memory": {
        "0": {
          "allocated_gb": 11.441762924194336,
          "reserved_gb": 11.443359375
        },
        "1": {
          "allocated_gb": 9.990591049194336,
          "reserved_gb": 9.9921875
        },
        "2": {
          "allocated_gb": 9.990591049194336,
          "reserved_gb": 9.9921875
        },
        "3": {
          "allocated_gb": 9.990591049194336,
          "reserved_gb": 9.9921875
        },
        "4": {
          "allocated_gb": 9.082355499267578,
          "reserved_gb": 9.083984375
        },
        "5": {
          "allocated_gb": 10.533536911010742,
          "reserved_gb": 10.53515625
        }
      }
    },
    "final": {
      "timestamp": 1748333138.1265066,
      "cpu_percent": 0.4,
      "memory_percent": 1.5,
      "gpu_memory": {
        "0": {
          "allocated_gb": 34.55430555343628,
          "reserved_gb": 34.720703125
        },
        "1": {
          "allocated_gb": 30.055757522583008,
          "reserved_gb": 30.236328125
        },
        "2": {
          "allocated_gb": 30.055757522583008,
          "reserved_gb": 30.236328125
        },
        "3": {
          "allocated_gb": 30.055757522583008,
          "reserved_gb": 30.234375
        },
        "4": {
          "allocated_gb": 27.329097747802734,
          "reserved_gb": 27.5
        },
        "5": {
          "allocated_gb": 31.682641983032227,
          "reserved_gb": 32.689453125
        }
      }
    }
  }
}